filename,verdict
01246.d0ee9c7ebf9d953b21de9414cc96c2f9,malicious
01099.f33c6cb5a233f19e1dc1956871c50681,malicious
00346.d93a823fb3350a5da8f0c612ce1156cd,malicious
00012.cb9c9f2a25196f5b16512338625a85b4,malicious
00993.32d00ccd0a831830838667fed1371d5f,malicious
01393.e7d7a58f2c561c6f71fe95c64a7f5f35,malicious
01077.526ad4ce12f3ef73a4b4eae0f211e2c9,malicious
00722.1ec5e1f05520ad5119de960f77f965d1,malicious
01195.2e0668d1365c631aa09d21c813ce013f,malicious
00234.64c94421011e896adab852386cd314d8,malicious
00203.5d5cdf03bd9362584adaf6be372d0ba1,malicious
00420.cf4550c21f1afd532c171e6e3e10f135,malicious
00673.89b0df1a8a6e1a95c48f1f63e48648f4,malicious
00140.f690cb156c0b1223e763ab3c0b340c57,malicious
00233.3c32285387ebc0675adb029b9e20e581,malicious
00665.86f20f73c5ac6205b5b79f3877638ee5,malicious
00999.f46c3f4b40ebbd0cf2752066c9372ecc,malicious
00261.e679a9947bd481d47fb1a3d83b482fd5,malicious
01247.f8e666a378e596a26a6947268a711c97,malicious
00608.bf7d77ef4f28552278f78a5aef71f0cf,malicious
00922.06a743f9aa0c1d27703342dac65a308b,malicious
00580.c3b23134b4767f5e796d0df997fede33,malicious
00204.4cf15f97b8ea08bfafab7d5091b8fbe7,malicious
00550.f7e75438e70eb4222c1a93fd190c8ce1,malicious
01022.55c9eda45ef3de55b8c27c214a1fc305,malicious
00180.751cb63992e172566b3a296d970c425d,malicious
00251.2ca1d22841d472917231911f63572dfd,malicious
00945.cd333ea4e3a619e54e63e621e56b324a,malicious
00533.4bf72df6acf3c08c213584469484b0ed,malicious
00557.01f1bd4d6e5236e78268f10a498c4aba,malicious
00411.e606c6408dbcda1a60be16896197bace,malicious
00826.01ebf3d0e89c1cec3528f9c0950b63d1,malicious
00688.9a0a9490593c7e2c9500d06bb9386819,malicious
00300.6ca4fee75f6afbd00581ceec6cf14fac,malicious
01148.895a24adac0c121c15735c34fed5c7c4,malicious
00335.52db5097040b2b36c0d19047c5617621,malicious
00524.640f4413fd9d75339aba617157a43d5e,malicious
01250.2bfc033f9ced1c70e480ec75b0094431,malicious
00963.fa300a7faa192b0315a2b2122a97953d,malicious
00719.bf9933750646983c4ae5f98b6f06ec41,malicious
01001.742869a142437dc82db21228edcaff32,malicious
00266.12e00174bc1346952a8ba2c430e48bf6,malicious
00385.2017c0f15243b44ef7d52ca0a5f1ecaa,malicious
01152.3cd924b7f65e2085150c613cfe2b8c42,malicious
01252.85c2b9eb83de6e0447fdf956e9bd499c,malicious
00052.44ec0206d8bc46f371f73d15709fdeea,malicious
00650.f2fae77b8a66055149c5b899e9815c2a,malicious
00192.f2c49e0edfc9d9c861da1e6368cb7d12,malicious
00450.acfa2d7f64e43ef04600e30fdecff8ec,malicious
01302.6e23012bc215fef128943c14c7d2c83f,malicious
00239.91d2d5c0e8827c4a42cb24733a0859fa,malicious
01391.d84700fa88ef00525b05a2d9c64fa654,malicious
01013.c6cf4f54eda63230389baccc02702034,malicious
00775.f83fab6722ac0be1f4231f8fb3845007,malicious
00955.0e418cf2dca0e0ac90fcaf35f5cedbc3,malicious
01027.e7f8a2bbbe9c2dd13e142c49cc87a6c9,malicious
00612.cd362b97ee34d41e72a66ed5199dd62e,malicious
00805.af972b92b6ba79eb4d44ff76835ebd89,malicious
00059.d7351d4fe66fb96d83ffb65b4a60b3cc,malicious
00382.2e6245e7b689da67dc8cf1a600d804fa,malicious
00423.41a02b6bb464b0bd04ac8a40e6001c3e,malicious
01056.c7e5574c3a036313b160b31234e7d81e,malicious
01117.c018f3f0f9df7fe31cce608189589fd6,malicious
00932.346c06844805110e9433969f38effc2a,malicious
01058.c5bf6182a887f342973383823dd22d0c,malicious
01261.0d7a6fa74b73f80f62fe11267eeaa956,malicious
00703.9fd09a1270c8dab92ec5802e917178aa,malicious
00820.bc04797ff065e0ddf83cf6f61697f4fe,malicious
00970.4166b8fab10bbf38aa782c311a70ee6b,malicious
00162.b5ae5521352c9bba7bf635c1766d4a75,malicious
00008.ccf927a6aec028f5472ca7b9db9eee20,malicious
01291.4fee8a2f5fb6dce4e775b054282b6a71,malicious
00374.b174d1e94449f519f3ceba87e7cefea7,malicious
00778.90e72cda6e62435fc03e4d91bbf78ca9,malicious
00282.262dbcdc9fb22384ac5b6fc159aba4cb,malicious
01297.6899dd73603e94dcefaba9970c3cfb69,malicious
00605.8a2e83e442d0052a2b2e9cff1ef0793c,malicious
00518.3b454f92294b060a41b0771941394bd3,malicious
00184.b4c342594f571eeb609a47b313ac35fe,malicious
01203.f4c9144a594fb81ff323053fbd626a55,malicious
00245.9d608575062cc3d6368078006d20f61b,malicious
00110.6a98310639f4d8f87cabd99ce4155c77,malicious
00119.010f7f583440f966e427436c31738466,malicious
00756.b68f9bcfd782a01a2ece132eccdcbbe9,malicious
00182.5561cb1b6f968e83afabe21d7a28bb37,malicious
00054.58b5d10599e5e7c98ce1498f2ba3e42c,malicious
00503.4b7a98571703ac6770713c31b431b274,malicious
00641.b3c1c440f7940c86ab5d1e4f9fa3518b,malicious
00397.dc85d97361fbed3637f8db56d4c9c92d,malicious
01024.5b32720b2ad57ee16bd959a5cf58f575,malicious
00962.452e4bd0724bf1139c9bc4eb9ec0fe43,malicious
00708.89f1f9108884517148fdbd744e18ec1e,malicious
00349.742d50a3bcbd3a3a60a0bd42cc2b97be,malicious
01329.75ca6f174da63761de16480f22089dae,malicious
01049.621d66148b023203d9010ee5df12ddd1,malicious
00951.f7044a1b178dc3dcff44932f840b8805,malicious
00577.0b1933615cd59d8348c899158d25f252,malicious
00107.49ebea517b7fe4f1bdf574dc3a125a70,malicious
00712.8c3eca8af0dc686116aa7ea07fe3fa8f,malicious
01119.343c5318a6ef39de4aea0f081009f391,malicious
00854.67c918e6654e70a0ed955afdf1ad81ed,malicious
00120.b6b2f20782980f83878f075f29d7c517,malicious
01080.d8ed30c7817d6b4b3b6ce947f31cc8d4,malicious
00908.718f913e615b66df1c33cfb0af8e8885,malicious
00143.95e60a4160434f341761931c65844a38,malicious
00790.365798c56fbfc98b2c8e4cbce0417999,malicious
00950.e81e3e0c71ce03c260550662a5e740c3,malicious
00871.48d32184662134852f20566c47c217f2,malicious
01387.84a80f5699b026b15455e803a471b88e,malicious
00916.018fdcfbee3a549dc675f169a1243e16,malicious
00399.b5a16f11e0f6bc8898caef8d9ba3e9a8,malicious
00748.2b1fcd8621caf857e9ec0b08555ae5db,malicious
00948.674250d39ae9ea6d1c054fd6f7b52cee,malicious
01093.58b9c5035d2291301ff2d0e9c36b0670,malicious
00859.9d4f4626b7bcd9d24e20667bf0f22b24,malicious
00370.abd27ca9728627f8f0f83934ea7520d0,malicious
00513.08c05933ceb2092de8a4866b91d6f274,malicious
00942.657397d701fe92368dd144bec09d7812,malicious
00231.8c72952de376293bc38d30834c0bb580,malicious
00959.016c91a5c76f15d7f67b01a24645b624,malicious
00232.b5eb658434a4099746a0977a0e6cd084,malicious
00388.a884c42d4423d7e4718db0145b3b9d9b,malicious
01354.942feb599d3e244a238c28c9028d97fa,malicious
00237.0faf46ae2bfab24f0464c4a1a0425659,malicious
01211.e9c2c3b1d544e8618d6f87c1871021e9,malicious
00767.6dc9c38495942ab7a08e9317d14eb77e,malicious
00026.c62c9f08db4ee1b99626dbae575008fe,malicious
00749.9887b1d7cb21083c777b0623cfdb02af,malicious
00327.1f6320c5ad43180ccad57610c646c6a3,malicious
01366.35ed342f7df33799c8ba619098b174c6,malicious
00846.ed1959ae9b519ac6b944875b47497731,malicious
00710.64d9eb4c4a7b8c33ebcdb279e0c96d05,malicious
01221.baf498fd213b8bc77b9dbfb13c1a6968,malicious
00014.13574737e55e51fe6737a475b88b5052,malicious
00273.c832f32bbe447980ad0095b772343563,malicious
00740.ce4777381c2bc6bee30bef6bd274233f,malicious
00759.23e678ecd735ad618ad151d311c81070,malicious
01222.86831c8b346812d6526d6ddc7d3eb185,malicious
01042.7b53680639a0b4ec9e333ce3046b6af4,malicious
00525.979fd0c4cc9c0f2495c564c5501a46ed,malicious
00839.35a9240a97695fd8ef777c6a1ccd3b18,malicious
01167.2ac57a0189fa2b8713202b84e587b707,malicious
01141.9771b6eb9a19ad26816825c9d190831d,malicious
00498.7f293b818e2e46d3a8bad44eda672947,malicious
00985.13d06699ecd95078655fa3d24e3b6d03,malicious
00210.2942a339c3792a1010d024e6d6ba032e,malicious
01345.436954c32bbf82773e33853ac26ef881,malicious
01143.b92dc050e0b748b5e7c9f1cf1b469306,malicious
01199.5a219c9b3e55a0136d8039fd74675570,malicious
00519.f189e2f1541968e48de6ebd9db23b35d,malicious
01225.a07c90bc24b619d5e8b786675dc2d118,malicious
00645.dd7d8ec1eb687c5966c516b720fcc3d5,malicious
00418.16b11d584531ea6f8e334bf92e5560ec,malicious
01367.d681bf8f9823da056b82da169d2d1715,malicious
00116.8a15129846b680f8539fd703d8743b67,malicious
00933.751d91a92c5f2a40baf68615e49b3fc2,malicious
00475.3d497c7d96c51986316db566756ff35a,malicious
00516.36cd648f23e91a831256f8ef32823573,malicious
00139.cee7452bc16a8e26ea1ad841321c95ce,malicious
00672.d6ee6301b06bfa5afedd54a1bdd08abe,malicious
00033.53ab3a0f8862eb0c12fa6eb3d04badbb,malicious
00977.6b7587a392363b73c8312b72b4972c24,malicious
01132.3d0e60ced92087634f1433f12810096d,malicious
01286.80a17353e03cab185cb52237b60359e4,malicious
00131.faf572e5916abbdb3d6ee9671339e047,malicious
00717.835c303709346693354e01b242ff22da,malicious
00762.e31568dff471c947d42869ae2f8f0779,malicious
00776.22f3f3942932c3d3b6e254bcab9673d1,malicious
00325.7e5ac4e91fba8111cce0e8dcc721912c,malicious
00030.b360f27c098b3ab5cff96433e7963d4a,malicious
01055.6235123a9b08a94a2262000419edd68a,malicious
00987.8484b70619c4be1cc4afed570490de26,malicious
00285.0a23190ebe54452ab48f8fc1e20402f5,malicious
00639.d528429f61fab2c81e093851be84a31d,malicious
00727.45ac8c0efbb22514a075b99e1c57422e,malicious
00721.09d243c9c4da88c5f517003d26196aaa,malicious
00881.ec61388b6f9f09b285950e2f11aec158,malicious
00414.583be7dd0ab2492309a3fbd7960e90be,malicious
00353.8d9f21930310041d8a0e17b0494e3a4a,malicious
00674.e67bea8d6a30cd45e1efc5bc5dbf8b57,malicious
00240.48e29876af05d3b43e0b6a510a8fc837,malicious
00669.790cde659c7d18535eb46cfa4398458d,malicious
01381.7f1f9f4b8ea24fee6b87dc1172177eaf,malicious
01322.ff3e699f59f732ca886de5873eef313e,malicious
00127.17d8ae11fb73ed829ae89847f2c1e9e5,malicious
00989.fc0fb4f524ee3a0879d74b0034cd7398,malicious
00538.46858b6122a85685022250db2f25b32a,malicious
01181.9f4734afdec4aae228d20e63649253a1,malicious
00202.e57a96cc553ecba5064d023695a0f385,malicious
00194.91b4c441362e802a64154349c6451b7c,malicious
00925.6ba2770acb214c661a26e54b4d03c119,malicious
00926.c6a5ef577e62317b785c4511b7f5c94e,malicious
00265.2b8a59870ad8576be65a7654da7fe1bb,malicious
01364.b89de202e8d843d54ab7988af8599571,malicious
01340.0b77f53fb084eb948e07dc7ed2ab5c34,malicious
00268.a9bc047709bc6362328d3b72998956f2,malicious
00958.c624269d8005dce3d754defab3a3d691,malicious
00341.523b18faf8eb7b835457f2a0797e034f,malicious
01269.aa905c10b8358328fb77d2f900e4491f,malicious
00967.8098170f3b629df0fc0b8324445929c2,malicious
00106.09988f439b8547dc90efb1530c02329b,malicious
00755.4280e5603d66801661cbd0fe0b33eec8,malicious
00493.a80f4bf204e9111b0dd1d14bf393b754,malicious
00697.2d221d167d2814a6a6bc7a74b65bcb0e,malicious
01348.0ed90bb4a1ba1ea2309ffdbbce093753,malicious
00183.47b495fc7ebd7807affa6425de6419b3,malicious
00723.7d2f1e26ae8cbab862459e33db405be1,malicious
01079.9eb95fd88f3d9d551f8c64359470ae7e,malicious
00176.644d65f0ab0d19f706a493bd5c3dc5df,malicious
00560.dfc4142bdb51d4ac3f9a3460c9254a18,malicious
00906.bd0b0986deaf717b1f1a689fd950b97c,malicious
00112.e4952a7d270c78cd6bba9d4f6add13f2,malicious
01245.ce437204a2dfc9109003491e7812fc7f,malicious
00590.7a27fe75bf73486c1c1913f87aaddb4d,malicious
00016.4fb07c8dff1a5a2b4889dc5024c55023,malicious
00666.5461a90607998eba2c7d16b38b873ec1,malicious
00186.614733215984b78299813313394a4ed3,malicious
01363.85518bca7c7cb9f35e57f3adda762ac9,malicious
00521.70417de823222858b4100b6030a64168,malicious
01165.8c661bf07a1a7a5fe8a9efc2439d17a1,malicious
01158.5acbdb7eb695f96c08d960a56058481d,malicious
01016.ac6ce255291deba2f46cdd8ddba3ea01,malicious
01085.0deb0d9335e8db6cbf1021ae3c62198c,malicious
01362.794d3043053407d8e0c075a9a71902bd,malicious
01201.471d379a63806032b2c3978838b83e61,malicious
00603.c76054a8ff1b75fb722602e567d2e7e1,malicious
00638.ae5006a001e88e8cd956b7a142e41984,malicious
00707.c863801ca5be49e90ee68ab449ba5a84,malicious
01112.ded20e59cd4ac9ad9607ce6cfe268ecc,malicious
00656.01241a0a9af570787841694e9781a5b6,malicious
01146.f8a114b8bf65962ec02a1bcc2241e5d7,malicious
01088.9e2ddb068a1c044b31f2285a9009f15d,malicious
01177.e6db3bae11ac87679c7f241a2c19b4c7,malicious
01002.406c1c709e49cb740f0ce36ebf2d5c78,malicious
00786.9b3de440d6969c3b911fc3ece3e155d2,malicious
01137.7c5ed50fcc83a610928b75e158ca5554,malicious
00747.801e88bae96047fb00593129ad02fdca,malicious
00897.b95ab214fa940540786f7bb4284b275d,malicious
00878.47676ab279418e3e1ef3f5948eda4f66,malicious
00208.c9e30fc9044cdc50682c2e2d2be4c466,malicious
00089.1235261e1b2063edce03a18d06c11474,malicious
00452.f13574a4582c94daf2bd6668c1683eed,malicious
01188.67d69a8d6e5c899914556488c8cbd2c9,malicious
00097.555911ef896c1f57a6232120685b01e7,malicious
00323.ca6d475963aec4ab799b22805c4b0282,malicious
00259.c5dcbd525138d61d828298225a61aeab,malicious
00816.a4d225bcdd61ba45407b9617397c82c0,malicious
01168.c4a3b7ac6d07798d651af84ea5d9b360,malicious
00711.75e5cd5b1ad023e0b50175e4dc5c781e,malicious
00581.aacb2f971955bb5688c298776996bd64,malicious
01186.a323fbbb1fbb04737201f2eb73b7e663,malicious
00543.e69bd0a0effd4a12537fb358d79ea337,malicious
00206.434bca9a9918edbdb04b93f6618adf90,malicious
00595.11ff52fbcc4dfc5ddd499c27746b2c8b,malicious
01028.e52964252ea2dd1e08251f83c76db32e,malicious
00486.7f5cde6ad9f34dcbe56a1fd73138b351,malicious
00312.5034fee7d265abd7a4194e9300de24bf,malicious
01101.6be2b8888ba7eda6f05de43c4c2cf152,malicious
01249.5dc5d720da4495b0606f3a19722ea6b1,malicious
00535.6f0720362e104f169c08308d82a8c804,malicious
01379.0d39498608cd170bbbc8cd33ffd18e35,malicious
01341.62703c6047c508d1d84bde0b7653b556,malicious
00129.21a35c2fe21ec4c85d22d2eb5b9f9584,malicious
00159.6b641c70d79fd5a69b84a94b4e88150a,malicious
00124.e757f78e3a015f784045f87c81e9ce87,malicious
01142.1d5b741cdc5cb3c026d678a4c8f613d6,malicious
00827.99370713a3e1c24d8b74d499040928b3,malicious
00834.34db0196aab30fd0883426467c18ed5c,malicious
00887.7a8cc64a563c42af29184459e6c1a97f,malicious
00782.1a0cff70694be0ab6f02dbee8b5b482e,malicious
00080.2dda9e4297c6b66bff478c9d2d3756f1,malicious
00002.9438920e9a55591b18e60d1ed37d992b,malicious
00695.f79afe1f94217d0a2e6f983caf011b49,malicious
01135.0a652f28eb7e06830ca75be5d2f41eaa,malicious
00422.bdbc5ccdcc5058dcb4808fbdbaceffeb,malicious
01109.88a5be2e14a78393b1495d355995a122,malicious
01122.af6891fafb13c4cc39dab9a4a85449fd,malicious
00262.12fb50ad3782b7b356672a246f4902a6,malicious
01007.255b826a1098e8b7d603c7dcf79f3fba,malicious
00511.7a9009733666ca7ab0325e44e17bf584,malicious
00338.5f65cc2aed42a1472d2c279f925da35a,malicious
01259.b4dff1ed93bc931b271888cd42e41b85,malicious
01169.4e5cf6c3e8863047dbba1bfca2ebab97,malicious
00789.ffe4e3c5dc50f5a9ac33a653b5f8b566,malicious
00898.8b3fe8deaa79f08133be78fc63e726c9,malicious
00910.49da3099938f292733872f1e59c8c460,malicious
00966.570877c2104eb9779a27bec3f18c7ee3,malicious
00813.33bf420f192b90e27c45d3053ecbc6d4,malicious
01118.db60fc08987ac4bdaf96ab4e1c83eafe,malicious
00795.61fe820f7755e4b4e66e715ea667b338,malicious
00825.decb3677f0081756d55f12d70b59a4e4,malicious
01235.2e8191ab7ddffa2290e04f9ce0422041,malicious
00084.eab3c85ce1b86d404296fc9d490d30dc,malicious
00171.8d972e393ba7c05bfcbf55b3591ce5f3,malicious
00339.5982235f90972c2cf5ecaaf775dace46,malicious
00546.86d0c1b7a2080d8b2068935ab83cab03,malicious
00798.f4f637b8f59ad0e9f154f137b64dd5bf,malicious
00185.3bc6159431883bb008a8cf973facadb3,malicious
00103.3fb0c1ebdfc0eb5952bf0f57e635c270,malicious
00889.272969152a8ce2d6ece155571e862683,malicious
00187.3fb9a7078bff0530ea52484a32c5d7e0,malicious
00794.5e45ec5eb133c2c960f54bf7e4822f77,malicious
01312.c19bb76293853f6c10871018cebbe8ca,malicious
00154.fb13b55bdbb01e81ac9b8ee6f13948d5,malicious
00419.ed8fc5e3278d344ba897c8e9614acb38,malicious
00565.a1a4b8367b5c7f5e865df0539b52969a,malicious
00354.c1b5e9322256bc530d08aa0c232abcef,malicious
00305.1f2a712e25638b0a4868155b37022cf1,malicious
00549.7520259c1001cefa09ddd6aaef814287,malicious
00974.307336f4e396d31c49a3d19a56029420,malicious
00636.ebef15c1828cb8d8bfc0e8b0ae5505c8,malicious
00888.6219edfbe560d4320b9d2e87fe92b639,malicious
00686.6dfe6229007c1215d41277fa66f80e66,malicious
00387.557966123e4eca02241d2865d521b987,malicious
01349.71c7c224e68df0a19c1834065368c89f,malicious
00649.f2906445faa39d4fa49b944a6729eef9,malicious
01036.87c1f0b55cb48bd36c8863cf700cd485,malicious
00113.0449844c534e41730bb7a0ab513580e9,malicious
00196.2e07e36c1285ba9187f8168c77d813f7,malicious
00621.170007c3357c44b6a794ea3f6ee0ac73,malicious
00924.3b34d4e598f24957151e368efcfb069b,malicious
00884.2fef7c7ca7dc3fadaa84d7bbfddd6324,malicious
00702.ac95bc3f1e8943dd03fc78bebc0925ac,malicious
00894.f54f07418fc8e677fe0fe5ac60a251ab,malicious
00318.8487006b2a3599ba69edefe8b9cc98d5,malicious
01375.b1a9c15e903adbc27bd2b5c033e1d29c,malicious
00488.e88c2c87a3b72ab47b6420b61279242e,malicious
00367.61bd750eb4ea17d10cc4aaeef1885fcf,malicious
00164.272880ebd1f1f93cf0cd9800842a24bd,malicious
00190.ee2ea200e7efa602221c6492f9d9d8c0,malicious
00946.b2d8cc12ec881dc3ad32998e292ad772,malicious
00094.c3a37a3a866ce9583f51293a5e7b6f4e,malicious
00895.d7895e10504f34149655062fe20d5174,malicious
00087.c6bf843edd1028fd09bb46d88bf97699,malicious
01317.2fb1c15091162a0a83cb7020e45e8de6,malicious
01227.04a4f94c7a73b29cb56bf38c7d526116,malicious
00329.47e3728483bdcad34227e601eb348836,malicious
00874.5a8822c0bc7366b22f3c99c0e6dd058a,malicious
01327.7d7cb2b319318af27a2981701843f358,malicious
00236.a46588c69d43e80c618038b95eff2893,malicious
01004.f3ce5cdf52dbe7ed22354f1ab95376d6,malicious
00504.0a250a54cc14771c55105d9cfdf39151,malicious
00746.f0fce8c4c17e53a0fe837a8c6cfe03c6,malicious
00492.3052cad36d423e60195ce706c7bc0e6f,malicious
00451.bbff6de62f0340d64a044870dbedafba,malicious
00860.f1651a6a5f33bafe34e23afeacf85eb1,malicious
01180.e8f2a113a0c6e413929162543819aa11,malicious
00733.095d8b33e938efa091f1771c622986c9,malicious
00135.9996d6845094dcec94b55eb1a828c7c4,malicious
00586.6ffe1b192d01dc82c33e866ddabd2a79,malicious
01353.369f79f8f31f3b18bdb5d1006207b52e,malicious
00870.ecbb85c7b91446c971762de0b9735b4d,malicious
01285.4bc4cabd8d963b1e33bb56aaaf191328,malicious
00007.acefeee792b5298f8fee175f9f65c453,malicious
00274.192bd3848a65302344dff2d7c0d3f08a,malicious
01092.7a97a1db89c8b78df9cb59aa0d0b1fb4,malicious
00490.09cc8eacfd07338802c3ea0e7f07fe26,malicious
01390.271af498812d2f73c8c198fd4fda905e,malicious
00288.e1f7256dd7c447815e6693fd8efea6c9,malicious
00235.749db1b61dbea4257300c71c9220a4e8,malicious
00470.68eed3d237f85b225b1ad31bceac203a,malicious
01039.40b21f41dcf48f380729c22cd2a62122,malicious
00780.9bba1736be4e930c0cb2dbc9e6cd1222,malicious
00146.058bab11f76dd7ff40c941d6cc36cc3a,malicious
00017.6430f3b8dedf51ba3c3fcb9304e722e7,malicious
00255.f66ad62d19d3e76217eff77eff4eeea2,malicious
01284.218c046acbc79f6f52c767fcb3fabbbc,malicious
00835.a6e29a3e3680377daea929a8ce0b0814,malicious
00189.074fe7fad584aa9243fadc6d16f8c186,malicious
00600.d113e8e0ac2d8d42f500f4faef61061b,malicious
01012.47b3508146cb115f6e00802d03c8df81,malicious
00902.5cf0d5b3c8c28418fd5aac308db88a47,malicious
01395.cb33d1d72f42e4ab9268729917bf428b,malicious
00018.336cb9e7b0358594cf002e7bf669eaf5,malicious
01170.0f6cbb8149f3e19d1b3054960e2cceb5,malicious
00921.548fb6dd2244c2fe87079df9652ddc2c,malicious
00277.feeedd0a9e052b05e350e93ff7889f0a,malicious
00984.9521bd4c46b37f795efb665266cf5ab5,malicious
00544.b40f8f2923fe96b02cd7c46fef0adea0,malicious
00652.b8c5d053737017caa4c2d29c4e690573,malicious
00917.8b2f6c25f3f70a6ef94d5f7f9a505c90,malicious
00465.81b738fc646c03b1db38a456cd087ad7,malicious
00753.c3032ff8329006ec6b39b6c821185b1c,malicious
00853.ee1fe2f2d16e8b27be79a670b8597252,malicious
00309.514ba73d47cc5668a2afdef0a25b400c,malicious
00055.0b668beca14ab545bd39f17dbe20775c,malicious
00252.3b352c8a7266026be4f1c1ba89690cfc,malicious
01231.2a56f1f52d4da9f83870deb4b7e68acb,malicious
00774.bb00990ae11efeabd677cc2935f2281f,malicious
01078.58e6f465de71680b96d9d750b7200a59,malicious
00992.7ea3c8959f6bc59e6f64fa7822aae1b5,malicious
00366.d0ae92900c398d9adf1dd68d35350a21,malicious
01320.9d28c111c72720b5cd64a025591dbce5,malicious
00098.842b0baaa0f03e439ec3a13ad5556e8c,malicious
00188.b12197b37ceb97fa0cd802566c1e08db,malicious
00398.64f68a9650595170b0e10cc493020a0a,malicious
00074.f7cfc6a5142e788004e0cff70e3a36c0,malicious
01255.e04eae4539f81463a930dfe44ebd6af8,malicious
00350.7a772c64c6a4131bcff6e19336b28b77,malicious
00833.7af1bc506099884c6171be0d846cc292,malicious
00047.3c90d41f59137916d6b80e6f8e16ccba,malicious
01346.fb942e99ad6211fe374675bc9ac639d5,malicious
00670.a3175dd0b4a1e1a26822c5fee6d6837b,malicious
00081.4c7fbdca38b8def54e276e75ec56682e,malicious
00406.3d607f39292bdf8e71094426cc02a90d,malicious
00552.877d8dbff829787aa8349b433a8421f0,malicious
00289.ce923605b55bfa316d567763565e6bc9,malicious
01342.7f89acf56fb4398340a0b07481e3193f,malicious
00020.7d36d16fd2be07c4f6a5616590cdea07,malicious
01218.4bb5c5746d9f19d8551437c242bfd79e,malicious
00217.f56a722e95d0b6ea580f1b4e9e2e013a,malicious
01127.5b6f6b674dc0dd99f225bee3d7b32e9e,malicious
01248.27ec44a84866375481998caed54df8c0,malicious
00150.957bb781217f762dc9999e7a90130c92,malicious
01242.3743099b115c6a8a273d8eca34a9c738,malicious
00123.18a793261cf7719497e17412345945d6,malicious
00345.53eb1900901ea7c0b512d555e919b881,malicious
01361.1b094e93a9a83d77859dcbf6637455d1,malicious
00457.f4325a4aa30dce61bf6c442b887733dd,malicious
00037.c7f0ce13d4cad8202f3d1a02b5cc5a1d,malicious
00364.48aa56553a1b8c2e4b638e0f46a7fc1f,malicious
01299.0eab794ad20a8b32dfa3d6e3fedc1b31,malicious
00627.4e9619c454da17a27d4a66c87583dd49,malicious
01091.47ee797e486dba9a3c15536dc379b2e5,malicious
01386.9398d616dfc3d67fb10e95d911768b39,malicious
00347.fd43a734c2e77abee0ca8c508afce993,malicious
01377.17adb34fc692245ce301d3db0a3e80c8,malicious
01034.925db77dafa8bdaae1cb31e2ed3b05a4,malicious
00802.0812cab595172a326e8808357b98fcc5,malicious
01396.e80a10644810bc2ae3c1b58c5fd38dfa,malicious
00907.74983d9d0d6ee3c681a48cf893f123b5,malicious
00564.f041f313512dbafd79a80c565452c0ee,malicious
00481.b6fbd76bcc24999350ae6a3188f3809f,malicious
01360.5bf908ff3e674f31061afcb8a6c17a8d,malicious
00841.1daced0eafff035e9fb8aa9f58e6bcce,malicious
00058.00878d47d9a07c1c6f9c5a8593db7f55,malicious
00444.2657e8ab181a4ba04b6515d5c379b9f0,malicious
01241.0ea43b4457c3a0b85f7ab4d1bb4ac17e,malicious
01081.1107d4183b8f5e41d7a31ac4ef4435ca,malicious
00117.9f0ba9c35b1fe59307e32b7c2c0d4e61,malicious
00197.d77321043295f3683060dcb2bdb8b822,malicious
00461.57e0fe5d31215393d7cf4e377e330082,malicious
00868.76cd0137b596a4e0c0e3ae3e416479aa,malicious
00806.0595ba2c9bfae214645880fe39e17f4e,malicious
01374.b902d53d7f737be700d6de60a42122d9,malicious
00319.2702ee4100f722328afc52a1a6f1dc26,malicious
01207.c24e5ee957e060ad511b5d2b875ff222,malicious
00155.b043f6801a72ada945205709c44c8ac4,malicious
00873.9aafc086e6f619ccaaed6b3ddb68b013,malicious
00953.906b4905eb02cfb9a093162f3c143252,malicious
00837.cd8b2390b71566631221ad3660b835e9,malicious
01017.11a80131a2ae31ad0a9969189de3c2bb,malicious
00142.141444128e16c8ae1631c27821debc9b,malicious
00913.2c4aa5dfdd0ecb0331c674b73f40e924,malicious
00675.233738762477d382d3954e043f866842,malicious
00715.ba1f144e98b423e35e3a61d464274732,malicious
01089.b5c513eca6f77a1dcd75d69d5974c583,malicious
01048.a8581a98e46532472fe74772b6e3477a,malicious
00409.1faf0d6f87e8b70f0bb05b9040d56fca,malicious
00750.dfc392478300e11189d61d29bed9cecc,malicious
00514.5c15464cb782de5ddab0408af5888805,malicious
00193.d68a324fdbe164f166b58e7852903065,malicious
00994.228b5746d5f0e44e436fbc0203b3c67a,malicious
00866.75636e43a97c4a778325383ae5bb3e6e,malicious
00648.fa4e260a3fadd4ddb60a9ce8c3d7dd36,malicious
00531.f3fffa4504c7009a03dd0d44a4562a84,malicious
00914.b4f1e9f517f85e68f8326f3a1525ebc2,malicious
00169.86268e75abd1bd4bda4d6c129681df34,malicious
00628.c8b4109860178c05436e1e855ba2e9bf,malicious
00903.1b151e48aafed20229a1880c1d558992,malicious
00019.86ce6f6c2e9f4ae0415860fecdf055db,malicious
01392.891b7eeda19704fc8a990e56e0b52f89,malicious
00172.0935a6d0aef9a3d6d64e07e3f6c453ec,malicious
01069.a8cdf944083398c026db401b13908ef9,malicious
00215.0378888fa9823523e61a6b922a4e3b55,malicious
00200.2fcabc2b58baa0ebc051e3ea3dfafd8f,malicious
00824.eec96f74d95afedbe574498808d29395,malicious
00136.870132877ae18f6129c09da3a4d077af,malicious
00069.27497d5d2f92837805b67e2bf31dfc71,malicious
00900.a5f6355af8a1891e683898c5b549e565,malicious
00532.f9e75080635b69a666e530fb8aa46a57,malicious
00389.a4504d4c023b095c4907db14c65ea28f,malicious
00592.8da31ade2e259569f9741cca3d98d952,malicious
00771.e33fd0de6b6c763a697a4fba307091d0,malicious
00024.621bea2c6e0ebb2eb7ac00a38dfe6b00,malicious
00298.792592957289d30448ca3c68b301c896,malicious
00466.936900f20aa2c6aa724d2f6d6af53b9b,malicious
01332.f794e2c48ef6535153adde00b521ef6d,malicious
00425.529f44cda59588d37959083c93a79764,malicious
00773.1ef75674804a6206f957afddcb5ed0c1,malicious
00927.9505a4791424d2a96af8d75baeaa7f58,malicious
00536.196dbf0abb48ceeeedb3a9172823702c,malicious
01306.d37be8871ac501758c6854fbef9cbdd2,malicious
00947.e4d80402e902f1ea42cfc539bb279afd,malicious
00718.2495a50c4eab3755f338b5fe589dd52d,malicious
00250.ae302eda2386979f6ac6bfff9e9f7137,malicious
01023.1f96236c94e92482c058e950ccd7a590,malicious
00013.372ec9dc663418ca71f7d880a76f117a,malicious
00591.962cc31322a42abd7ca205b62c56438e,malicious
00404.deea51c7b46665faf98fe6c5b5f88810,malicious
00056.64a6ee24c0b7bf8bdba8340f0a3aafda,malicious
01351.e960056da1502c90d40d598cdf37f359,malicious
00745.a0f2c78f1a75fe880532f0c432aa12d2,malicious
00430.d3915a3e7a9cbd8f9a7e6221eb40253d,malicious
00896.c6f6a4e29a114b9d7d5751e4292520de,malicious
00862.d930739c4303f999fe161ddb0e14f4a5,malicious
00530.7495e8bd02e1dccfea08502d0e406e5d,malicious
01215.e879c633ccfba3b6dcf761d8ac0764c0,malicious
01282.9ae018dd0cf3c1f3345eb44074fd5635,malicious
01108.0a4bf099b98c488b65e8d6ca685d6867,malicious
00527.692952717b3f63cd2964ff2ff73ed91d,malicious
00507.f60aebf11f7c66427490b14ff65f4c90,malicious
00883.a154f7c7619d620a00deb7da892ca4ce,malicious
00867.837631a8172cf448af7e15d4bedba95e,malicious
00371.a1bca8c3fae1f6cbcebd205bf5db6ada,malicious
00562.09f8bb89193c2c5b8e8722ea0aa170a9,malicious
00199.3536ffa9d7e1b912f6fc649d779cfe5d,malicious
00559.f134a8ef403b9c3cc92f44a808a97403,malicious
01111.75bdbd4d859574b9e095f9f7b81ed106,malicious
00429.8f4c7360f2629f5017e7a485e74b3862,malicious
01014.98c1d0a70f88efb979d9ca65e945363e,malicious
00642.f213f657ab630999a8d34c26060d79fc,malicious
01251.732693934f4ae61749224eaf9f19c973,malicious
00690.5dd358321ab2f5139ccf636223251d1f,malicious
00248.2212008dd1bd6e4d2326d8c6ce81d01a,malicious
00567.9a792928197fff7a7a38aee412bf4a07,malicious
01110.0ca5bbd9e775a3c44ff965f301feaae2,malicious
00934.b37514ad4dc0c555779c813c1ce49e21,malicious
00357.049b1dd678979ce56f10dfa9632127a3,malicious
00271.7105f4998a88cbf4036403f61ba60d65,malicious
00551.26fe48f617edc23fa5053460d6bc7196,malicious
01041.1ece6e061e80e648c8156d52decd0610,malicious
00579.d94454f0e596c00bf22ce1f315427143,malicious
00109.17824b03f1b16c199abc7f4d7c35e4eb,malicious
01138.21608a055666b8a00c1945bb2a740190,malicious
00426.c743511223777504c01a35f90914b230,malicious
01062.c35ba7728139dda6e85342e9e8cb2eaa,malicious
01076.7f524e1d3f1523e22d754ce5d4a27ae6,malicious
01098.4ea844b47fbe9b09a9cb7bbdb96ed3dc,malicious
00811.1a510ce29a20ec57048d6b29d0056d57,malicious
00539.6e6f7b032b644f9b1355f46d20944350,malicious
01316.80287bffff0da77d7b22a538aefdbd01,malicious
01191.3a3ed1eb843a56504a4b40a25a63f97f,malicious
01100.3db9aa127f49e790a5f2765a8f9724f2,malicious
00561.c1919574614e88fbabbfb266153560f2,malicious
00015.206d5a5d1d34272ae32fc286788fdf55,malicious
01094.91779ec04e5e6b27e84297c28fc7369f,malicious
00633.60e6bd78b497893f8b33650bd1c2c0b0,malicious
00076.7d4561ac3b877bbd9fd64d1cb433cb54,malicious
00772.deb64399accba9b54b5f10ae57c7bbb5,malicious
00482.f839ea522f1ee459661a6b2fbd71e823,malicious
00078.f318607d8f4699d51f456fea10838c5a,malicious
01298.3e410f64d440f9c883243bcc942b0f41,malicious
01274.6eb8dc0890717ae45385f0393024c30e,malicious
00267.15fd4bd56e4a0466d3031f8f16803c8e,malicious
01196.b4567843ec0343475dfcb5da7bd9c41f,malicious
01070.a291bc8d0cf917e3139a9caca2759cdc,malicious
01035.9fc118cfb7ee6b9d5fc08fa324f57827,malicious
00731.f62550b637d55a42158889ef47fcab7e,malicious
01083.a6b3c50be5abf782b585995d2c11176b,malicious
00730.0082840b49157df044b094b1a0461063,malicious
00510.ce04ead27e498e82285ea6dbb0837c13,malicious
00988.464959d4fcdd919a51e6220a909eb41c,malicious
01183.1686c7ca72908096192dc3ebcde515d9,malicious
01032.99fb105a98e0192bfc987bd3c31f6672,malicious
00315.81905f8867f52179286a6a5bdd1483fa,malicious
00458.49467dba97d6ac2825c533df9a7a5017,malicious
00555.75544646fbe1fd3cb3717fb02a72e824,malicious
00886.9bd2063c3d984a66958a6195ffb97849,malicious
00949.690398fb3aa163317614dc81757c23ef,malicious
00534.d17efd4b5f7baa6cf83684fef7cee08a,malicious
00661.770f57d3856c84420410ee98751340f2,malicious
01082.9f69cd26a420837850841e71d6147a57,malicious
00713.8d1b1c5afc226377ec951564ad402b9c,malicious
01212.216774fff566f005d1ef404eda7925e2,malicious
cmds,malicious
00264.8fae38cbbed6a43b40e83aa8496018e4,malicious
00011.bd8c904d9f7b161a813d222230214d50,malicious
01256.93c359e7a1edb27054778deaa633b72b,malicious
01176.36afa20e4f8dd2246da63c3b23129305,malicious
00336.b937e6ad1deae309e248580a6fec85d8,malicious
00998.92da52a65a4d039a6b9c02b0d65a1bbf,malicious
00797.de032e70954eb1194f15870abc0f01a4,malicious
00573.f33cc9f9253eda8eceaa7ace8f1a0f50,malicious
01015.814d23a39e0a68a8706ef9b1ce2c7791,malicious
01103.1ad34526adee0adab5a8cda98d3f2182,malicious
00487.edd96ac74c081d65c2106cf51daab9d7,malicious
00972.5290463cd76d76c7dc9e2d2fb88cb8d1,malicious
00785.262ba178488e58bbea695befb45b05e2,malicious
00293.2503973d5b437aa173b6dd97e6f14202,malicious
00165.3a37220d69b5b8332ee4270f0121dfe9,malicious
01197.f88c038612948f3fa023ac83db2e2ce5,malicious
01178.3a000edf71d5d6d61c31e94e12cbd21e,malicious
00766.ff1f266127aebe1fd285b9a211f34723,malicious
01063.e0318e91412291f881f315287050abe4,malicious
00462.d0ca75a85184ca9843d1dffdc8c98855,malicious
01064.50715ffeb13446500895836b77fcee09,malicious
00384.ffe5f36fc3c40673d4313db5e579e33d,malicious
01084.c0005822ea0294c6eb9143276b93eb41,malicious
00554.c325ab7400fb7e3f053ed0cac4ed7545,malicious
00541.b3145925dccfa163547afa1299e61807,malicious
00699.46c52d8e3b9db13ea2e9816f1c919961,malicious
00258.eb914ca569df16b9e969cc1ff646033f,malicious
01243.0676aa0a6a02e5a0373d387b89af0e07,malicious
00857.fa8ec422479af911a9a9f69c39b7a96f,malicious
00027.b7b61e4624a29097cf55b578089c6110,malicious
00394.0e95ef1fe71d6bbf6867df86c862d15a,malicious
00819.00de24076c1599b80c13f1e028094b6c,malicious
01394.a76cc347fac514441bef43e7a599fb55,malicious
00214.39bd955c9db013255c326dbcbb4f2f86,malicious
00376.8d9a34535bac5fbccdbb8ea5392c82d8,malicious
00023.5bec0fc32cfc42c9cc5c941d94258567,malicious
00646.c04903867557fb7a1fefb25c08cdc112,malicious
00299.ec4bd0c57a7bf6a5616beb2897aaed7b,malicious
01009.546dc7364ebc4365ba70ee9d9618ad8e,malicious
00784.daac746f35f3bc27817777fa48673781,malicious
00509.385c788f39e46a86be4c6af8679a0c80,malicious
00542.0cfed7997e72ff1084860d1d04dd9126,malicious
00079.7a1b9cd54acec8774ef833df17206630,malicious
00276.a8792b1d4591c269b9234f3a39f846d8,malicious
01236.903d52340bf3ed1a328b039bcd94e1c9,malicious
01258.209beaa19098071457a3f7259d6883dc,malicious
00678.7c54f6e0fac3e7d26a9513d2c60e2b98,malicious
01086.158c29f51d36d79ababf4377b5b3f1d2,malicious
01054.3b393992b2d9b3c2209719e6ac83da11,malicious
00681.7a1b4ce11890cd701aaa16b22fc9bb38,malicious
01157.0b96d63f8b171b5b5f8a872029371480,malicious
00244.934aa46481d9503c1fd02a964e19de24,malicious
01239.5b4a6a500921ae2a53da84bc99d91414,malicious
00334.f487a87d551c524250c3eccbda6020da,malicious
00954.f92e3e1383d3882a4287fb8d6a1b1eb0,malicious
00617.f2097d6448725c371fd5f4154184ad3c,malicious
00212.87d0c89c4f341d1580908678bf916213,malicious
01097.98d732b93866d13b0c13589ae2acc383,malicious
00247.df14a81cd82cf37e4a125dba41ca21e1,malicious
01162.560591cd20305a373803c3e291e910a5,malicious
00439.eacffbae5543e6be58178c0d3eb95041,malicious
00725.260c7aa4ae8ce594c0c671b2611d313d,malicious
00286.bb7afce31a747b70cf516e4ef174fd8f,malicious
00978.707d7b7ae170aebe3d5b0fd28c55114e,malicious
01073.bfc8a301fd274efde213c0249d5a85b7,malicious
01230.0589bade8df0c343a49c6712f62dfca0,malicious
00858.86651f55da5fa60fa633876354e0aead,malicious
00583.b780ea187746d4722e9a684fe34f0cc9,malicious
00760.254b8986f3d7b6cbda1cc7ce16860e6c,malicious
00757.c2da75286819a139e27438ca5c5ba762,malicious
00480.682829ef5c1f1639f0a060190c5d4b33,malicious
00029.cc0c62b49c1df0ad08ae49a7e1904531,malicious
00640.564b03520087bb4595384ae024ceb929,malicious
00864.26b74488b46463e16a5fa0f521786a48,malicious
01129.c03bff072108e33b6f5d1c3858c940f4,malicious
00663.4baa9521293a04306b038be1f65d4471,malicious
00442.0b77138b3a011a8bbaa1f7b915bfee9b,malicious
00548.f4dde895ab6df412dbd309ebe3cf1533,malicious
00537.c61f1e424853d045bd87415405cf8cfe,malicious
01399.2319643317e2c5193d574e40a71809c2,malicious
00330.97460a01c80eb8ef3958118baf379c93,malicious
01273.b738ce23f30ea10c7ad44d949d111199,malicious
00968.d86fe0eb3bc78b724306380b63f82073,malicious
01185.e4a109756aa79e984529e2fb737857ab,malicious
01369.8ea24235c6c50337d9dcd234e61a5132,malicious
01029.d08161f9c60d767804dd9b5148a82025,malicious
00497.353a61b265f11dd0bae116c0149abbe1,malicious
00421.540f120cafbc8a068fcc7f8a372a37b8,malicious
00126.d6d2197becfb17af452e9117a5f4c947,malicious
00040.d9570705b90532c2702859569bf4d01c,malicious
00241.490af8faa6e4b94e0affed327e670dae,malicious
00068.2999b3d00828ac3fbd6a7cd27a6c6321,malicious
00085.ae2bf18f9dd33e3d80d11eda4c0be41d,malicious
00630.ece73cd5ba46bf19ac2ceb9d7e21cea1,malicious
00435.5fcb8673ad1922e806a0505769985c69,malicious
00568.9099cfcce869f4ecf337fc666f04c11d,malicious
00432.d0728a14791872b0fdbba5d730bb1426,malicious
00685.1371a47585f33a9b808d68b024c7101b,malicious
00598.55751466eb0cbc307da570a603daa3d6,malicious
00684.ac796b7588e9ca61a66ccbca7a90a796,malicious
00332.2b6d5012de45ae27edbda7f94c54636e,malicious
00849.a1bd18d80b0531de33b9e83cd14f79f2,malicious
01228.620009080894d11703ee91367628d633,malicious
00822.582f541f39bb9e92cb1262875d3a9fca,malicious
00130.1ad579dc65cd646549fe87f565bdec5c,malicious
00022.be66c630a142f0d862c2294a2d911ce1,malicious
00207.47d129a97b8ce8572c9efb4c18a74192,malicious
01149.9d2ea1122caa150f5c5c98ac98fd9408,malicious
01355.a47c042a6e16456c5b49c18d5b3868cb,malicious
01033.2af876341f85de2a7f501b8dd0248cd6,malicious
00931.7b2a622b02577c92587db22228e6e180,malicious
01184.5216074bef5bb01e0b1301d375283c51,malicious
00137.17860a4d8ca9d8d813cc0eb0dfd51e45,malicious
00832.0d3ac1ac07d86394e068a3b84782ca4c,malicious
00219.b1e53bdc90b763f8073f3270e3f6e811,malicious
01175.345310fe11adb25711a3f95d1c88aa5c,malicious
01216.e293653cab0c486ba135cf8fbe6700fc,malicious
00114.68b089e3ca8128bb8d11f4f8bc592764,malicious
00152.a9f16de7f087215259a15322961bf9c0,malicious
00145.b6788a48c1eace0b7c34ff7de32766f6,malicious
00982.2bd2b529b2df97e4e6c47edc6a272115,malicious
00177.581a22999fd636e541e4e4864baf947f,malicious
01053.2ec9e69df620c85e3c7c6f61ce199a3c,malicious
01338.a67c3827402b4610bd2a6814cd8cd907,malicious
00156.ccb4ccdec1949b9510ab71d05122de3f,malicious
00622.7c8edc50203f6a2dc87e97e9eefddce7,malicious
00844.83d47c6cf6ac8af6fbb171cf4fa6b109,malicious
00287.0d310db88577f69e8c345671d9a8416c,malicious
00743.7889a6b188891a33c088f3d29d48251a,malicious
00151.6abbf42bc1bfb6c36b749372da0cffae,malicious
00569.369bb86b7ae4572b2eba48e0b8daf0ea,malicious
00485.94b2cb3aa454e6f6701c42cb1fd35ffe,malicious
00823.3d9f1b6009bf0700ee956641cc6077a4,malicious
00604.3dcf5f835dacff5d4a32a24eba31cbd2,malicious
00316.6127940652124130611907ee0c20ab5e,malicious
01280.34dde162b3c6b2e873fc9f094d28b0fd,malicious
00057.01c83e8ad13d3f438c105ebc31808aa4,malicious
01260.fae84d2193ed2d65a14e2c8b612fb7fe,malicious
00643.d177c04238b4299813b7d8cca9fb2f18,malicious
00209.983df148f8b7d7e5d678f1ea6297cad1,malicious
00593.b0c2ee36cf966faf1b5239df81ec1f8d,malicious
01121.4dda94a3a06563e7f5e3fa659cf5519a,malicious
01144.94d2d4f5dfefab34c1370aec38d470eb,malicious
01238.32c2cef2a001f81d237017d243bad8e4,malicious
00249.b6cad7860d56d8265155580a7c80457d,malicious
00885.6f8bc5aec58114e2d8ae91f3d1b464fc,malicious
00256.ea7bc226396ae0cc08004265b5c2eb02,malicious
00310.dd799961317914374088b04cc0fb1b85,malicious
00589.0dd634d12e5f4538e6fe74841ee0b603,malicious
00453.7ff1db57e1e39cb658661ef45b83a715,malicious
00195.aeb47d08c2d537c24ada260804b7a171,malicious
00428.5fe2c974b49315a6fbf9f3b09b47f030,malicious
00899.957a4f3be27468470183f978db53c753,malicious
00386.c5a6044254345320c345761dadbea419,malicious
01339.d94a16532a6f42497266dcc327a40163,malicious
00408.78e871a38b048989b9949716e3fc7575,malicious
00363.ed86759dd8ad582066e4db3af6a99fc1,malicious
01356.8d996c0bc08a47a90611de2e8a829048,malicious
00763.868a503063713b62fd5325513ba29761,malicious
01336.cce700d418ddce6f5081cdcda625074f,malicious
01163.1c25ecdd147c3f4eef84b13fa6061c9b,malicious
01037.3512597a838a3eaf3149924386ef9fd3,malicious
00809.b657c1ead5a2b2307e3a887b19b9ce91,malicious
00872.f50d5fd1a37e535e0a0adb223ef40f36,malicious
00754.9922dfbaee98abc6e1a3a00909a8d24e,malicious
00654.65f25e01ad743dc13b1aaa366ffc6868,malicious
00337.dfbe7fc9aaf905bd538635d72cbba975,malicious
01206.b769233047fc696cc02ece9629190b42,malicious
00659.668ba8daca71e86de0ee5e412b177015,malicious
00971.6d8acd89e1b2e699acc6a3443c6d2d6d,malicious
00716.125a0992aa9fd11f5e7a8fa5a93a048e,malicious
00741.00c61b5577b6fa232434c2ae62d52394,malicious
00281.d5147756d766fba6dbc649f786e38bc2,malicious
01193.7c4b9a0e900fdb7cafb86c1131f79a48,malicious
00377.8568faed5f5f8cd3fb0956786da98a1a,malicious
00505.d4fa302630b3e58461b644f7b3e11d82,malicious
00260.49cb520f5d726da6f1ec32d0e4d2e38f,malicious
01283.e120df13e515b3cd7f0a14e21c9bf158,malicious
01021.8e30e6b936bfbdc8528c50d4a3ca378c,malicious
01065.9ecef01b01ca912fa35453196b4dae4c,malicious
01376.73e738e4cd8121ce3dfb42d190b193c9,malicious
00218.e921fa1953a3abd17be5099b06444522,malicious
00791.68d57323ce71a6f706248a709363e9a8,malicious
01095.520dcad6e0ebb4d30222292f51ee76ab,malicious
01330.dafb0dd3006f86f73f42b4e24266277c,malicious
00071.11f438a86f442fd5a0772eb3908c12b4,malicious
00035.bd7183c238b884a153ad4888fbee9bf6,malicious
00153.d20d157c684520f1c3aa8f270f753785,malicious
00061.4b25d456df484b9f7e01c59983591def,malicious
00634.c37efb809c3c54c2d9661063e7b72f5b,malicious
00869.f81e5e18fca8debeb53ec8581e902987,malicious
00781.8657bfadc87dd7fbcb174982f2c9d34e,malicious
01305.2456653e0fbd780a77a3d25229109432,malicious
00170.5e4c7668564952d8bfbf106d32fa9e5e,malicious
00383.14f8e467cb84b977c33f422d7d1691e6,malicious
01287.45b0eefc02506c5c82e5ab4ffe2fc625,malicious
00483.e583ffb0efd3958cdef2e9f3b043ef0d,malicious
00415.4af357c0282481dba8f1765f0bf09c09,malicious
00062.6a56c37b8db0cbfb57a99b32ad60b4d2,malicious
00447.32e588c3a1d8888d737f360f825713b8,malicious
01331.e35989787f99e9f234da42636eb43f22,malicious
01314.12c8b5b91bc690f0f0d6fad595150ac6,malicious
00629.5feadfcb7530c08a54c98178600b2f70,malicious
01292.3cfdacd938c6a4a7544581399e28e81c,malicious
00683.41038a20d4763e8042a811a03612bae4,malicious
00508.a5b222ad6078c7242f6c73333e009d98,malicious
00278.72994f6280bfb4ecaad81592dc31f0d3,malicious
00045.c1a84780700090224ce6ab0014b20183,malicious
00937.ab1a356a481bf9a59d00fd39d309e33f,malicious
00121.9fdf867ef2120e98641128801454aa72,malicious
00512.8a8d03da14819f83a8936f224cd9c9cc,malicious
00928.eb16be370343cac1476fcde9bf0a1f32,malicious
01133.facfc10e99d36c8da8e62f27aa065aa2,malicious
00594.3381bb07fec959ae2285b219cc18eb62,malicious
00368.64d7f78532bf9b4cd41c8f5bc526af6a,malicious
00044.9f8c4b9ae007c6ded3d57476082bf2b2,malicious
00228.238a0547cbbd70a024d7d4376707f201,malicious
01213.7889eb65b4b7f2cde2a9bd3bb9f230dd,malicious
01310.39e7167813c411d9163ceedcba3b3702,malicious
00706.5116018237368c3633823b2d24f8ac86,malicious
01096.ccf870cba7e6618b610f8a2f2c2f08f6,malicious
01295.7cea2d55caf3dfae98b350e67a431e35,malicious
01003.d15cfb579697f595c4aff7197433cd72,malicious
00847.66519123491302ba0e634d5c69644e3d,malicious
00570.cc1a4d6cf41350cf10e2b588dacb2dff,malicious
00391.6086519216f6de15fecaeffdb51ff3a7,malicious
01268.626ef5e5fa30314816e0f049ea03bd9f,malicious
00427.c3d316b9e7fefe87329d31b09c1601fe,malicious
01253.26e421b9623002d636c29f79f68a58fb,malicious
00761.00d729b279723c9ae9d8f09e171db301,malicious
00961.906824c03316794c12a95717d0b817e7,malicious
01154.dc96d527593e053228ad2b9111e8ad36,malicious
01040.24856bbcaedd4d7b28eae47d8f89a62f,malicious
00940.33bee147237876bc1f28b1bf21b586a0,malicious
00500.87320162ab5b79f67978406cf909c3d1,malicious
00141.29b1847b5d4131c536a812cdc88326eb,malicious
01198.da6821edae608ba753c85e1a7436219b,malicious
01344.43dbbbac0d006790dd696123d455f5b9,malicious
01043.0c5ba977fb678deeff6b841772e76c86,malicious
00540.d66cdfb53617f2192367e7f327a018c7,malicious
01011.d4812088cad8553fb214dab8003add9b,malicious
00205.ee9ba1e4fc09cb436f0d0983ecef87cf,malicious
01145.a34477ade6db9376e4f8ccbfa8607881,malicious
00381.004cefb51e415fe5c45a3a97091bf978,malicious
01257.f5908ef0550cdf91bd6ae55120ecb5ce,malicious
00691.3fc62f976ac2502a426d132d165dde1c,malicious
00213.b85553a858843eabb7752c6d15aaba5a,malicious
00297.6278795e285879c8623bf7ec329b966e,malicious
01187.b47cd7a45a24f56a6908519e1c37e75a,malicious
00848.1fe2e3c6535ebd22e457a3de8e5508b9,malicious
00944.fbc64dd9cbcbc201d82256821978f318,malicious
00664.c4f198903588cdc4af385772bb580d90,malicious
00351.44bc5f6d0afcb67a469191ef2a38fea7,malicious
01325.cf45b154c74e16a83def9f17383b5756,malicious
01153.423d8f8120ab7fa0946c45a60a44c059,malicious
00072.eb147f0714c89bf35a0ab1852890555d,malicious
00105.d8f25617befc5289aa4ed9602457050b,malicious
00362.73409498731cffe86816918aae62cbbb,malicious
01321.f32dcf9a564da7e27f9fcad664cb0fe1,malicious
01072.ac604802c74de2ebc445efc827299b96,malicious
01304.114140cd4c51e9795559b974964aa043,malicious
00856.fae2faa8ad9dffc157f5f17e5be0f057,malicious
00174.94a8f3a8826ff937c38640422784ce86,malicious
01264.52c303d4e65ae6c83bedb1dc8db0d0c7,malicious
00181.8f8c7074d957952981b3d7bc188eb1a0,malicious
00009.1e1a8cb4b57532ab38aa23287523659d,malicious
00302.7f695c69d4cbe06e91cddd2ca7cddf33,malicious
01371.fd75cda79a01e9b7d11af36936463c0d,malicious
00134.651c69499f4c81f5049c03f9c0c71b44,malicious
00463.0bc4e08af0529dd773d9f10f922547db,malicious
01116.3aab7bf5532577432137e263d3674a9a,malicious
00356.6420c49ea8ad1c5e4120606f97b60e1e,malicious
00424.762694cd4e29f39d544e03cd3c974a25,malicious
00783.a1d194b912e784ca6c4068b14791180f,malicious
00956.bd15831ffe9661a5395b8ec491a4fed2,malicious
00099.328fbebf5170afdd863e431d90ea90f5,malicious
01319.ec67d39c89f4a5865b730879685f3092,malicious
00566.9b3e6f0ed54a232fcf6533c75d5c218e,malicious
00668.a28b3329f4c8fe4b0761a214362ed3f9,malicious
00520.892a859ed7b0c96d56ae83e4f6ee6b11,malicious
01289.2f9168490b8c45e76af4935b4827f702,malicious
00615.e47bff6118d4ff6d98581fa6f40ab871,malicious
01307.270e0fd3d0f0a14a592fcc47f3696e05,malicious
00280.3432009813aa8a8683c72ad31ce7e0e0,malicious
00216.c07de35b7e7f659e3c0c071b30053afa,malicious
00295.567c57d64a8f338d16d5047e533a1155,malicious
00046.96a19afe71cd6f1f14c96293557a49ff,malicious
00807.8abdd26ba778758f5e46b84a54ac62f4,malicious
00401.31d8ded049967dc48ebb564288733e81,malicious
00696.91e6adc3241e8ea45f9d9670ad74df0e,malicious
00443.70c948096c848777e165daacad17ce78,malicious
00238.1bc0944812aa14bc789ff565710dc0b5,malicious
00179.ef2f7cf60806a96b59f4477b025580ee,malicious
00304.fedb2050801439ca46d1d82d10e8e9e2,malicious
00676.db7b2b22e127c1a69e369bc62f7fcedb,malicious
00158.58aea46256aaaa23787ec2acdcd31073,malicious
01208.6e10d44b4339eacb5db69d1afabae907,malicious
01300.74283a1a03062473904cd6f9965df1d5,malicious
00616.1e86f2d3478f10a3a413844bba74f450,malicious
00437.a88b8673cb52537e09bc37a163c1635f,malicious
00178.2dbe6aa90dc38758c946170ff92ec8e8,malicious
00792.7889a6082d13a885efadbd5c3576e15a,malicious
01018.3954fb1ddf16896826a0c03270587195,malicious
00474.c1835a35419f2bbdccbabfd8547faf4a,malicious
01019.994b153571324a2adad60a129c65546a,malicious
00390.ccb6ba541b35f5e9e443a53049cd70d3,malicious
01388.dba0966da5886e99fab13981da6c3834,malicious
00263.32b258c4cc08d235b2ca36fc16074f08,malicious
00613.047cf0bcc74950bd9e1eaf8d336c385c,malicious
00671.2f0813fb11358b8355a6202a8e7082e8,malicious
01150.c429b55e3a5834c74d18f9b0bfc968cd,malicious
00779.cfeedd9839de273525bae85b56ebf146,malicious
01294.1b87da1a627d8b8f126839dad1220a1c,malicious
01151.e295c81d698d58f43f17bde22076cbef,malicious
00624.ac49070506c194c1fad5953ccd32731b,malicious
00602.8b839b13833d7ca3abd6f6179ccc0286,malicious
00644.0f0a6c387d64887571426d7e28367947,malicious
00915.2f47eee6061e3c631bd51649050b6b02,malicious
00553.4e22bb923ee41a61d04f8b275157366b,malicious
00892.98aff9f92339cedef0ce0b9bade2765f,malicious
01130.f286229e3c2eeb5c682204de85d903c0,malicious
00810.bceaa748f9cee012c466212d8a608acf,malicious
00257.96e9617c812f9d9a8ec77c9008e1e960,malicious
00067.bf32243a9444bba9cba8582fef3d949e,malicious
01114.1499922e828350a4f6076ef4a0de3ec5,malicious
01120.853b87a34ab28efd22d9851702b2f9c5,malicious
00983.753f8ed9cf897cce13c3d5358f2d77d4,malicious
00060.639a625d0a724d7411e1d5e2e7cb2bc3,malicious
01263.4e9dc99aae6eafdf9233e60b6d3225f9,malicious
00526.9a55d84e77b13b309a15ccce04901f94,malicious
00005.ed0aba4d386c5e62bc737cf3f0ed9589,malicious
00814.6b37fa2239e8c84e2237c4b156e16d81,malicious
01383.a4e83a74006864de20f76d0193908a56,malicious
01140.c37701901dbb63bc34e8db544f431557,malicious
00986.d5cdaddf809832f37d3d0ecd2ea781ff,malicious
01271.c74d2888efc2f1897ee890001abf05e7,malicious
00088.34ca147ca21f4b3e966fe58bc054aaf6,malicious
00655.db3781e31126e0d5dc09de092da8a2f0,malicious
00303.7d749e4a46ceb169ea1af5b9e5ab39a9,malicious
00515.89787cdc87d6fe15af713a5e960c1e05,malicious
01378.73df5252cb71f89c885ad49b6ae5fa82,malicious
01288.ffe370e3a92a1861533330da51edcb49,malicious
01229.bec63972cefbe62bb371ad659cd8563a,malicious
01104.ec267abf01fe81c42dc90dfd16c930bc,malicious
00313.4363902393c0037670bc9483d19dc551,malicious
00635.f144125beb9621e7a73d1a2eadce7e06,malicious
00405.39099b2d9fc7da44f0bd7c5d68c06ca6,malicious
01131.c9bb07673bf9f048916cd2b9b1813724,malicious
00133.7dbf2e71621f92eada31cc655ff12fd3,malicious
00220.b599bb1ef610ba40d9becc965c0c0da3,malicious
00714.cd13d8db12cc1f661d6b2eb6fcbb5156,malicious
00752.c0892cd4ffff618e689dec28f2f4695e,malicious
00901.95250e8c5c190d1b0320b9e6fe0f5a82,malicious
01155.e8634e51df914973d548076958ed90b2,malicious
01057.b3913dec24f1b61e2ff45e30cdbb8fcd,malicious
00799.23a850930770d537479280490fa6a412,malicious
00221.775c9348b935d966a9afec954f1e9c27,malicious
00904.8f93ecb6172ee1feba7b4248c48b9ef5,malicious
00501.32679091b0520132ad888ef3b134ce48,malicious
00578.c65d716f2fe3db8abc5deb3cbc35029c,malicious
00147.9d7a9ea1fdef9c2161dba859250d2c19,malicious
00981.341055ba05d9538a59e3533422bfd212,malicious
00230.681e0e97f93d59676937c4223c93da93,malicious
00469.d2c0c55b686454f38eee312c5e190816,malicious
00448.65d06c45ea553e3fddf51645ae6b07f0,malicious
01174.701ed2374fd181a0a63c8bfbc52a911c,malicious
00879.ef1461ca38091f6d494c58d09b0627f0,malicious
00491.008606ae6538b605f82b61913814d3dd,malicious
00964.59eef46bf356dffc1102aba1dc34f4ca,malicious
01105.2582a4afba9b0b06bed5d48e3e8b29df,malicious
00320.a4e760741d537aef50c4c0b950329225,malicious
00911.4332049ae6031c5a39ecefdc807961a4,malicious
00434.73574ecf7afcf2aef7fe6c3ff5158596,malicious
01266.78f4e45d9e8699babb2e38f04d4401a5,malicious
00495.88a3a957082447d2e6cad8c9cb18b3b7,malicious
01061.6200efa97d5fecf255e3849dde7a3701,malicious
00651.91e7858a180e7fa136c544c56e525b60,malicious
00679.a0ad2b887acad77749720b6004a17f13,malicious
00620.488299bafd542cdfa1a1fb98f00e6441,malicious
00836.2de57b8c930cb4970fbc646ed4c857e8,malicious
00769.b4477686a6ab2b52370e3f671ce9a016,malicious
01237.245ac1766016b756a3ddb3b463cc9645,malicious
00626.68be744b78b4378b5cbe8eb68f8a76e3,malicious
00032.3b93a3c65e0a2454fc9646ce01363938,malicious
00997.1af0dbebf63194440c102044a04ee752,malicious
01398.8ca7045aae4184d56e8509dc5ad6d979,malicious
01219.db22b96619e848e2c9825ebb710897fe,malicious
01382.37400f7a1f36cd45165c2a72a9ec8baa,malicious
00647.b0b1e3fce3450265e0e307a459ec4da6,malicious
00440.cefb7176fea7baf69c5e9d8b2f1a2b54,malicious
00692.e886bd6ece727e1c1fdbae4dc4b60bb5,malicious
00852.82d02cfb0bf0d41ac2884dcf11efd224,malicious
00464.d2f719c667d192af860572b1c858cc11,malicious
00855.0d1b1b55419a3c35f19b7c35ea9a46b7,malicious
00843.92ef4b70e051724249f825731dfc456a,malicious
00919.0b677a6b8d8bff153989d1708850f985,malicious
00101.1eefdf65cf34445662c1d308ef78d103,malicious
00804.57b0c0216c40c2b3bb2743a8cb05f2d6,malicious
00173.6f5baeeaeb9b1c1ac4b9527e948828db,malicious
01031.f8f0ee32c41a34cb5e4744d18d3ed76e,malicious
00584.0f2dbef1c4238beb69443e0273484d76,malicious
01290.cc97aad0960efa7c8b76464b39d54bc9,malicious
00876.f61ec69c2872eb398ba3860a13a17b15,malicious
01205.47d139ac094945ae2630efb896dc4b43,malicious
00066.af6bf70ea68b499585a72bdd7d6dd931,malicious
00693.6afadd2f5d9b7fd80f4e710589b4187c,malicious
01276.9e932f3e2497f91aec7f1a8b0aabe200,malicious
01397.f75f0dd0dd923faefa3e9cc5ecb8c906,malicious
01179.6ee962bd413cb11865cd06c4be725c5e,malicious
00311.176626eb0ec0de8f451a079083104975,malicious
01134.b81ac3ffcbb28b809a471f521d15f14d,malicious
00793.f081690dc64c0e3bbe8c7198e9caaffc,malicious
01240.7d6ae3682a3dd3fe457516b188eb105c,malicious
00075.f1c6bf042cf0ed13452e4a15929db8cd,malicious
01389.35f4d2a5f47c4b434434b3ca8dc5a924,malicious
00359.90bec90ebeaf05f024f48594e7d7b0d5,malicious
00090.c82f6c8ce0db12e42a24fb2808974628,malicious
00086.5ddcb4859b292c984d1db6aeade5ac04,malicious
00973.ca8a425093e9994271e922f4d60f775c,malicious
00038.906d76babc3d78d6294c71b1b52d4d7f,malicious
00631.5b4f290bc474889ff457b314996553b1,malicious
00585.0cc56d33bcfde91ab75bf202e4684c4a,malicious
00175.931897f329f7ed0aee7df9f5d0626359,malicious
00191.514dbda1bd10302e5c1d269837df0c66,malicious
00306.9e12acdecaf3825733a1aadc2455b166,malicious
00494.6d13d2217c5cc00c26b72d97c7fe6014,malicious
00149.1589b074a69ebc09012d1f6d7ba4c75f,malicious
00960.ae114c0b717c866b821efe032780a8e5,malicious
01293.1073233e92a1fb8808e384cbc0d60e58,malicious
00890.3996b985f81cb29cba9dfda9844c47e2,malicious
00229.272500ea65aafe8d05061d11f1164832,malicious
00001.317e78fa8ee2f54cd4890fdc09ba8176,malicious
00943.41b19a950ac03c2df9e33ab75ad595d1,malicious
00064.839dfb3973ed439e19c1ca77cffdab3d,malicious
00340.582105f82cc7d1d35e09aacc413853c1,malicious
00547.8519a982bb78c6994959d9a4b3d4c9a3,malicious
00375.687dc7464b4c4fa822ee453b9ef352df,malicious
01202.4ec06d178a19d7972daf54bc3ba958ff,malicious
00905.8dcb590481d3e3c04d03506100c59497,malicious
00728.6337ac1dd7bf9fa481c30c7cd01b496c,malicious
00036.5b5e714c8d5b1050a392e55c42070f2c,malicious
00006.3ca1f399ccda5d897fecb8c57669a283,malicious
00021.07d9ab534bbfba9020145659008a3a14,malicious
00479.84c58aa8adff520d7f58dfde02c1cf10,malicious
01333.1e5a572d1c326c109f613a9d2137acc8,malicious
01128.b5c07ad0588fd8c87443755fba93d71b,malicious
00091.7b4331237cddd30e9fa27b99af25bf3c,malicious
00104.67ea4a37ac02d37f4baa7631ba17a824,malicious
00662.58b714e07ae476b3d66fc7ff828a066e,malicious
00416.7fa9ccac275fe2d97517554ecde57fbe,malicious
00893.89d5fc38f24e7e2241888c19ec260994,malicious
00449.c498bdd182edba9e9ba725c5a5a1f06b,malicious
01010.584ca28025d60d58521b4dd453125431,malicious
00283.8654c24a39f2557b8d4b1aa35b95482d,malicious
00838.a9f6a5bc71c83bd73764f3945b5b9074,malicious
00051.8b17ce16ace4d5845e2299c0123e1f14,malicious
00765.cfd85d27a812054ddd5ee1fc7d881557,malicious
00587.582e355efbb36f9a0d55997e093626ba,malicious
01234.0bcd772346e2970c6246f40359cf4de5,malicious
00739.150e80f7508e247fa15d43697e80ed30,malicious
00930.4e807b43e671cf853ff61ec4bef6233d,malicious
00929.008a60368b7623f11c7bb95826eb7366,malicious
00307.79b64580c5c605583aec7b7a4f8679c0,malicious
00441.3b9c3055e08bda4c0f7eea43749e324c,malicious
01214.973b4598b630a989967ff69b19f95d4a,malicious
00606.f078f6f48ae2e41f553882449f2aa613,malicious
00331.263b0f2df840360cb4b1ee9016c79d84,malicious
00918.5674181d00a5130b030a6621ccec0819,malicious
00031.e50cc5af8bd1131521b551713370a4b1,malicious
00467.3748c927c32a9c4e8988dad52a843b5c,malicious
00657.7e326e955029c898a6ddf27e3c79cdf0,malicious
00821.b64c27e913e301f038ebfaa433f16f35,malicious
00558.dcb747a55d9b7d4f9ca6c66717bd36c7,malicious
01352.875dff8a1fd32766be05e136950add70,malicious
00365.b95733057a51e3571746739a620c0e14,malicious
00660.549ceaa9ca634dcdd5b6b86af193d3f1,malicious
00614.974cdf353242f9286fbcc34673d9f28a,malicious
01006.51548cae04a891d900aa5be21c121548,malicious
00224.1b3430b101a8a8b22493c4948fcbe9cc,malicious
00478.a4d1f3bcbb571f1c3809bf47cb5ee57f,malicious
01192.ae36c1ea662d5daa57777838507cceef,malicious
01278.bdafbd6059108bbd9973fe8ea0aee62e,malicious
01204.75323a3e0d38fe7a107bd0102daf6f26,malicious
00070.598f33a87fd0df81c691f9109fc2378a,malicious
01005.57464e29367579f95dd487c9b15eb196,malicious
01051.a87f28b7d023a840cb54ed7aa5f4e19b,malicious
00840.819e7f38c3eced79f5e956fd95103957,malicious
00582.2db3b12f1cbf87ef3a64d26c35561a5b,malicious
00941.3ad67a2e6c3bc19d2187dd5a98e05c9d,malicious
00812.275141f8033735b80bdca7c9dcabc8ad,malicious
01365.d90d27bbb210dbdc63ed704b00161315,malicious
00936.1f06517cffff4360820ff6012b392b93,malicious
01337.e490c19d9987a1532dd2e8f1a2e76fdc,malicious
00111.029924c0533dcbc837512cce0792a18b,malicious
01254.2c2055d2ef2995122c3babea81fe54b9,malicious
00242.745749df8cd0da174fd64afc55db4222,malicious
01190.04029d5cadc5b15d91cfed47a7a2e94d,malicious
01277.6763a79fad1f1b39cb7d5b7faf92ea98,malicious
00246.d314e68151f961425104dbe6a4e3bc9a,malicious
01160.13829f56f0b8eb2d461ad8602a94a80e,malicious
00700.e9dbef7f0ce0dadccc9050b5e3a5709b,malicious
00100.f18596df33992ee2af3e79f71f092e69,malicious
00828.530a94ab225feb3c5e5a559f51f6eea2,malicious
00611.58f9a1db64c83da2bfd3b1acf8d38338,malicious
00576.0debec20687a7f7f2b58995db7604023,malicious
00407.7dcebe4c50bb22e0719a05ac6cc0e574,malicious
00625.e5b3f8bf55addb5884293af0826a7b33,malicious
01224.5ec7daa5c1c540ce6be17e1afbef2a86,malicious
01220.e399b9acc45a23ec853a9bb1d2a1a859,malicious
00294.497c7a26968a921c6345a525a2c87496,malicious
00028.60393e49c90f750226bee6381eb3e69d,malicious
00597.77c914c24bd38a4cfa7ef06aae438d17,malicious
01050.f18a04fd3f7cf3e60483c3420bff5417,malicious
01164.55202a4234914b20004dc7f9264313e5,malicious
00292.b90f1e0d4436fdbf91d909812648900d,malicious
00138.acef24ad51f98e3192d5a0348543f02f,malicious
01113.75ded32e6beb52dec1b6007dc86b47bb,malicious
00253.bd8e0dd85f0f848be89aadbf6d6364dc,malicious
00609.4dfe7912017772587dc62fecc3cf6553,malicious
00317.902b19a36e88cd3ad096e736ff8c81a5,malicious
01303.59ad6322f5af1c3672849f504ad86fce,malicious
00115.ea1a875067c4c0b710f5f4c951335723,malicious
00689.bc5bea61b7d13a69aba26169afe99d1e,malicious
00575.cbefce767b904bb435fd9162d7165e9e,malicious
00995.694aa424a2433d32b9e4997edeeed9b2,malicious
00863.21d7abedcd9baef5741247adc3b50717,malicious
01324.6ae300702ee69538834dccea9b774fef,malicious
01189.5593d25cf7b731b1c9f3e708cd05c96b,malicious
00701.ea27d8eea96c7d361ea78613d0a3c481,malicious
00694.3aca5f2a3d0d2ccbc47ef868eb051abd,malicious
00402.3cb789dea6bc3f321cc15730f3048ff2,malicious
01172.cc7a00858cafd43ad994a3f1a42a5434,malicious
01000.a6f26937625654510b0e5442d24f0e46,malicious
00270.1ee4eb635731c5a022fb060bc8cd26e0,malicious
00803.2090e821380533ec5541d61fdbdac8e8,malicious
00796.1f29c490fd2bd8581d19e3e193978a3d,malicious
01159.ff9629cf51f03cb35075a51950e73a4d,malicious
01074.d22922a762aea4d5a5aa2615e144585a,malicious
00128.102ef1e6b36b8307faecd1f2d04cdbde,malicious
00800.770c5025e1f05a52d805d04cbc74252f,malicious
00653.dcb006e0c0aaa7aa3e5bd7cb3d444f23,malicious
01334.24b7f4702e0da7e9d7a5f4d284adfc96,malicious
00735.474fd4bc103225c72fd82d88bba48e56,malicious
00473.594d47d74b993e949b2b472af3430aed,malicious
00842.bd26298437dec2f1d09fd757afbcb13f,malicious
00455.8ccdcb205b6f8c3958bb3b2d39edca46,malicious
00301.3b6fa92db458408d9468360fc034d280,malicious
00939.8d335bc76836e51b449de9f6b38aa0f8,malicious
00043.9331daf0bd865aa657cb02cbcd06173b,malicious
00875.535ae4621326594a8c9edbc33c06b408,malicious
01384.e23f94030a4393f0825eacd9de99eb31,malicious
00050.bdb8b228ff67fd4a61f8b0c8e81240c9,malicious
00682.0160e510bf19faa60f78d415d4b9a3ee,malicious
00378.958f8c0f9d486c1e18f835ab65664b4d,malicious
00990.e0282a91be0479aeadc4ee580bf21ded,malicious
01106.37f316c0f77e739cb5fe0e37aaea2046,malicious
00607.b5726a2ac74956ab9af0901379cdca5c,malicious
01060.d72413ea3af9e1c5530a3570e0bb517e,malicious
01359.deafa1d42658c6624c6809a446b7f369,malicious
00168.a9dd80bb0934b67fd00b4f0a99966369,malicious
00969.636d340655d05418edc2d1cd2ca05b72,malicious
00734.0c1975b8c2b17fd6c665827706f89eaf,malicious
01026.dffc6a0b029914be9fc6ef23570dad14,malicious
00198.150ad975a44e356b479b88d8b57edc40,malicious
00379.b2ab58d60315cdc423cd8640466092ed,malicious
00758.13f37fcfbc515a7f7de269852fb7b842,malicious
00545.296b31ed5391f5e3674c734171643f45,malicious
00161.37836bbc77bdab253f914d7a5233badb,malicious
00108.813fc6306b631b5c58ecfc26caf3a8dc,malicious
01171.c91e65355a41f43a34bd39be31bd1626,malicious
00829.afe2abb0aa5184c633944ac2859f10c9,malicious
01315.88a113666f60469492624820111ee3be,malicious
00744.87dbfd6aeffb9dac274a89aa3df7e768,malicious
01124.978b767962c91cc5c173cc4044b4658a,malicious
00818.3939063d91d49a0c8e7d01efb2fb95a1,malicious
00801.00fc164b0d3eabfded6c0dc24050dbb1,malicious
00658.2324b3351e766248275bace98fd3c7b3,malicious
01385.af7a1a172a6cd00ad09dc6adecb14cee,malicious
01217.d5a1734ec521c1bd55270eca3ab4acd8,malicious
00632.f90d0f620d4a4c4976e1c5884333f329,malicious
00118.141d803810acd9d4fc23db103dddfcd9,malicious
00957.ffe295aaf7f9759344cc8736461cf238,malicious
00709.59ca382f87c5eacb934430e28cd98d98,malicious
01223.0321f73febcffd82fcf12b36cce2c6c9,malicious
00732.bc344aaabb0aae7f3e1600f2d72c2232,malicious
00322.9c67ae5dc3348e9a0b9a61a408c3f44e,malicious
00572.4657e353354321dfd7c39c6a07a90452,malicious
00938.cdac5333fc78f7128fd8f2905fe4b89b,malicious
00574.66c2cbfe0151a4a658cec4e67d6cab14,malicious
00308.fc90f8aab51648329b9e705c9021b204,malicious
00517.08bde5f35a9480cf76111e2e3ed57cca,malicious
01270.f55f31ae8a3b92cdcddf7257aa9616a0,malicious
00053.6e5c80e892cad9c9e6b04abe49a9031e,malicious
00738.10deb784a63c0bdc5e78b019720f3e9f,malicious
01071.d9be48eb5a3359dd72dd7d0e9627fff3,malicious
00010.2558d935f6439cb40d3acb8b8569aa9b,malicious
00343.c84d94ad804925c271bb15b979e11dc7,malicious
01044.dfd13c2800168c897a2c7056f6e6e2ce,malicious
00396.bb9671c94f0061c7f2a74cde8a507c1f,malicious
01318.5ceb2b7a8b5780b006500266f5a508ca,malicious
01173.e0da19fcbb5649aa5104320ce38c6906,malicious
00610.d78eda68ed03fa6890077bd4b805e16d,malicious
00083.1aead789d4b4c7022c51bc632e4f2445,malicious
00736.5bbe6ad663aa598a1b4a6d2d5f3ff0cc,malicious
00588.44b644374b89ba4885f91f0ed836e622,malicious
00815.a94675622ac65f9a21ab1b83cc869ee6,malicious
00413.11d008b916ea6fd996dee9a08670655e,malicious
00720.da36f270fb9706505280338d9c22e80f,malicious
00410.fb7b31cdd9d053f8b446da7ce89383fa,malicious
00324.272b1fb3642d24e21dac949444b21e65,malicious
00724.edc5a3ce2ea91fedbf00aa0c30459a87,malicious
00556.098b57f5108ba34d21825f176e492786,malicious
01373.c8c124454ee4d1b775ef7a436cede7c1,malicious
01052.223738f00502f5dd7f86dd559af8f795,malicious
01350.31d85a79d8c3b80069316daf56176820,malicious
00039.1295593cb1da98e80123f333def0b8dd,malicious
00125.ea96729a0da6d9025d5178f2d6916e42,malicious
00254.9810c685fa8fd2953b0c07ba7900605f,malicious
01326.32e7912cae22a40e7b27f7d020de08fe,malicious
00004.bdcc075fa4beb5157b5dd6cd41d8887b,malicious
01358.eb6c715f631ee3d22b135adb4dc4e67d,malicious
01166.f0c4605d98cf51b7eeb81bb6072fee3d,malicious
00680.e8df67f239cb166c5a8a78401eeeb1ba,malicious
01068.c9e00ffce33545a1d87512a1a854e104,malicious
01272.ae29c7d7f5acfc747cf55082aa628a40,malicious
00160.66e11a17d619ce33d5a455a87015ee25,malicious
01136.c83cd4b22c068706900cdf339553caff,malicious
01372.5d236077d94148a0ca71751f8f0a2e58,malicious
00619.8b327d9ed6741fb05ac4a180a5f776c6,malicious
01400.b444b69845db2fa0a4693ca04e6ac5c5,malicious
00506.85af6cd716febc6265ac7b362a4a1da6,malicious
00456.c680a0c7d8d8d91bf3fb9f77ce6541b0,malicious
00460.407cd7d4ce577b1474eba6dd35a15081,malicious
00352.206639789c6ba89977375c62856f20fc,malicious
00952.1a3c371c56be9de3bfb258b93af71649,malicious
01275.9ce1257b70028a741bd7877f0bc2ba0e,malicious
00269.456d57b46b4c84fe5057b5cc63620057,malicious
01343.97e31a95126f0c6dc249a8e51489af10,malicious
00704.30306e2e506ca198fe8dea2b3c11346a,malicious
00920.1534b1c21a196693709357a2a93cacdd,malicious
00400.9360c6d3f34caf75a4c5439852153b71,malicious
00528.a7b02c9abd9fb303615a956bbc4af548,malicious
00063.98dc120045d9b6c675c286524bf893ba,malicious
00445.a5edbd936b830407d1a56b31ff3b82c0,malicious
00677.e0d5d8da6dcaeba7ba6e2cff4569c72f,malicious
00454.ca6a81a702d62c23bc184a37a1cdb926,malicious
00965.2003cb62905ba569e7599826ed228c94,malicious
00667.6bf743b1b5bdfe9340d438c0661e4bff,malicious
00477.3691f298683e5b8687bc05a891512864,malicious
00025.9054470cb5193db2955a4d4a003698d6,malicious
01301.91269fd2b14a1fa0f183ca60953b99af,malicious
00380.717154ebf88ae594956736cc50bdeaf4,malicious
00077.6e13224e39fae4b94bcbe0f5ae9f4939,malicious
01296.34052422109f131a8b1fb59d1d42f899,malicious
00687.52860b94e6aec19d0286673d705facfe,malicious
00433.e23d484b63694062d857aa6fc4fd6276,malicious
00048.91474353d7616d0df44b0fb04e2899ff,malicious
00705.df125edb37f19c87784942c7b2b164a1,malicious
01357.531b966b657f95f04a9037ea7100aa9f,malicious
00395.74aee42fac915ca758047506ec59a21f,malicious
01182.209dbb3bedae1ecd5ed23fb03049244e,malicious
01368.0fcb4c25d287618ec7cdf84822d3d405,malicious
00223.b2ab59fb979b4e3d266f15a580d86619,malicious
01262.24bce3d7a8a92bc6d970cf80f0d21660,malicious
01045.21a9ee890753696f026212b3d25f28e6,malicious
00923.5b3a8bf0da33c8902281667d57657cb3,malicious
00201.e74734c7cd89b7c55989d585f72b358a,malicious
01115.bd63b2430d4bebf2a49a6caef0ee3974,malicious
00991.640530b39770c84b4f79c4b26bb47cbd,malicious
00243.2fa7ea5c308d2d572c7e8efc679bb6a9,malicious
01020.291c3b0685eedf6178cc323bb8e2ce55,malicious
00770.d68f06d3996c8876e17a45b3ec3a89b5,malicious
00698.d754f7a62c2f8ce3f331e59ee0978205,malicious
00393.85c9cd10122736d443e69db6fce3ad3f,malicious
01308.c46f1215ccd8cedf162e0cf308b94dcd,malicious
00909.be44baf9966a96b2154b207cc56fe558,malicious
01194.856467d118d99f873794faaf151a524b,malicious
01046.00df3a73895dd0f6a8f22434141257f6,malicious
00326.1e5d428b26e2e648a7560a38380cab1f,malicious
00227.a2dc608fa0cf81c35ea9f658b24a9004,malicious
00502.0a4d33a87be5e0ac475c75e1ea9962be,malicious
00764.d81e084a6940b58fa3deabed038a7b9e,malicious
01265.891c503096bc7f8f3345a40e82f1bf5a,malicious
00342.847c675d7a39e5e6ecce8387350790ae,malicious
00417.715ee099f76e69edbeb5604a82a532b4,malicious
00787.6ac0d6fe5aa9e89ee18e98ed8a556895,malicious
01090.f77045f7bebb48fae60c50d056c09fcd,malicious
00446.dbbe3d81a19420ba8c135ac7f044319c,malicious
00808.c072069806eb82f9aaf8d21d39789ea6,malicious
00073.fa47879bac3adc4b716130566ee0a2a6,malicious
00355.ada725cd0b7f67b279b6d616045d7e84,malicious
00623.f80874598b1a22fbaa5d979d14d8ca2e,malicious
00333.050a95c5ed10d1e01e5da42d27d087bd,malicious
00768.9900419b1120aac5256e7b1ba0de2b1f,malicious
00976.82ecfa404e2e597e113dc0278c5861c2,malicious
01209.01df2f8f68a70062085ef787973f9ba0,malicious
00275.87c74dc27e397ccd3b2b581bbefef515,malicious
01047.2e01ca2cd13baa8ba6fe1429f39f85de,malicious
01161.174f2cb358ca3f08f4308f87ca64842f,malicious
00344.e6463530b23a12554d2e6f0e08ae10a7,malicious
00979.1ddb1d789492c2b6d6a5f1257d927088,malicious
00861.e8b94fc9514d2d2cbb541b01e2dda726,malicious
01210.3315bbc34ab0c51f53ee13e0dc6ccaec,malicious
01008.5e932696d8f33950af53eb9461a014a2,malicious
00225.a4a58f288601a7e965b358c6e7c6741f,malicious
00831.630c53b642a54592bd4fb097ba4e88b0,malicious
00360.814557087d32334a92357de3b50ee814,malicious
01313.7deec268aedb7c5618e27bd73a803a60,malicious
00284.227c1ebb961320cd2086d904d698c49b,malicious
00049.83a0ff17486ed3866aeed9f45f5b3389,malicious
00042.534ed9af47ca4349d84bc574a4306284,malicious
00279.d3516102dd7d49480923c6cf3252a216,malicious
00157.eab255ce291e88fbee46f3f0c564ddf3,malicious
00095.bee28d9bf506043611e140c673fe41f4,malicious
01380.fa9b4e89ba485def2921e01ae9fb7671,malicious
00571.55308502c471ca21f3ce1aa0782fdba6,malicious
01279.56199c85479893dea5fa233e9598b7c3,malicious
00729.b4b709ee7cb85908bdec0b050a11e518,malicious
00412.2498d35d4ac806f77e31a17839d5c4c2,malicious
00272.ff93eff2b9f05ba28efa69d72d78ede2,malicious
01281.889130eed8c0fabfe29f7ffe62d1afe1,malicious
01139.ff436c8a190e4424c602ef5c78402c06,malicious
00096.39bffb55f064f907234c6b3d82fc3b4c,malicious
01370.38a1c6fbbad5804a9978112005535de1,malicious
00403.90a79abcb32065d5381a74a84da2e6bd,malicious
00830.079ed7d24f78024e023b82417a6fe2ca,malicious
01226.4aaf4e328bd55191a1c46bc374069048,malicious
00392.f494d12cb0d5daaead0e7f10f8afaef1,malicious
00211.4a52fb081c7087c4a82402342751e755,malicious
00358.ccfcaa5984dc5db979ba41e0fcee87c3,malicious
00167.c37f166df54b89ce15059415cfbe12c3,malicious
00496.acf53035be6cb4c667fd342551c5d467,malicious
00637.29a22c81a2a36a70c4a9d9ec2c1a2844,malicious
00163.2ceade6f8b0c1c342f5f95d57ac551f5,malicious
01067.cbfadba14efd2125f98bf8ae03c68f68,malicious
01267.6e9de9ba20f59c26028ebdb4550685fb,malicious
00348.eca7fae585d64d16cbb1f6f512d0c761,malicious
00476.38e32c20c334317781e90c3e6754fbe9,malicious
00596.8be778a774ce76c30a7a42a07979bdbe,malicious
00222.3ac65af6304056a15115076b1bcc8f69,malicious
00041.1b8dedcc43e75c0f4cd5e0d12c4eea8b,malicious
00845.50e08b3f38d440f61b858415e012a9bb,malicious
01335.ca70ab7f2d1accef8b3cf646e3004ef8,malicious
01107.5b3ad5e88347b08967ec627b815f2fc3,malicious
01347.e2cd456cd2d58601fec5a5b6323463e1,malicious
01323.043a9a503f711ebb76897fa1c352d7cd,malicious
01030.2f9d18088877f028b4ebcb3961e76354,malicious
00082.92b519133440f8e9e972978e7b82e25e,malicious
00737.af5f503fe444ae773bfeb4652d122349,malicious
00436.9fc1d953c6a282c5b66e4ed1cf1b866f,malicious
00777.284d3dc66b4f1bdedb5a5eba41d18d14,malicious
00003.590eff932f8704d8b0fcbe69d023b54d,malicious
00975.5e2e7c9d8b2c04929ff41e010163e5e8,malicious
00431.c6a126091c0bcbc44e58e238ca4d02c6,malicious
00850.f57827e297da1c01fe028cfc01e20361,malicious
00499.257302b8f6056eb85e0daa37bfcd2c68,malicious
00373.a2e4ba80486fdff8084086d447e01d17,malicious
00296.85aa16f800e0aaf8755cdf23d7e035ff,malicious
00618.3407355607b3c336ddee20b1435abf01,malicious
00891.730d12d96dcfa7812a51d12d9a3b6a1c,malicious
00817.446795af3e79a13e7c3aa784573bcaa0,malicious
00599.d6d6a2edd58fa7dd6b18787e9867984b,malicious
01233.010677fced50f4aecb67fba70701bcf5,malicious
01102.823fb9065f0dadccb76633810487a19c,malicious
00935.64a85d481bc17b3b61da7861f9a4d0a3,malicious
00092.ba043c4ba04c2d06714e43caa42cc078,malicious
00471.df77fa930951f79466c195052ff56816,malicious
01200.6d388843b6ffefafaf7b3093ca28a740,malicious
01025.936514974d8ee8794cf80e3effea92c7,malicious
01123.91470734d764b1bdfb671a7d3b0d7ffa,malicious
01126.885594cda2fc4ae620bea1ea8ceee585,malicious
00468.fb2222cc49228bd3dac5481e670f208f,malicious
00144.a439c28b51d6b53f4fbf3bf427b55ed2,malicious
00065.9c8ae6822b427f2dbee5339d561a2888,malicious
00484.602c7afb217663a43dd5fa24d97d1ca4,malicious
00880.f1a18307c9d2a5ccf7a7a2318bdb0509,malicious
00034.cac95512308c52cfba33258e46feff97,malicious
00093.f0f5881aff74fafe925b36649298a0aa,malicious
00742.2700b00dc2dcc121ee0a1322040de188,malicious
01075.07ee7f1ab5ad6659c47baa5ef3691a80,malicious
01156.5a3a6bdccf5df42348f22cada73a1b12,malicious
00226.bd5d6adde04612587537df13d7f81196,malicious
01087.1e2be9287da9292b2553aaceaab8900b,malicious
00882.28bbc4ccfb80f32d4fe7df3ab77afb41,malicious
00912.8432b3cd988d1ee656321730ce7ca056,malicious
00314.ce1926a9815415807e51b80930bffdb8,malicious
00877.98d4bfaa6f6c0a303d80544b39d7dc66,malicious
00996.cf51353ead421aa3c419ad3d42eb9f7f,malicious
00472.3c51cf86307bc98c54d856887a81e9ac,malicious
00328.47ba83d868220761b2ff71ce39d91a37,malicious
00980.39382e3a94065f3f8c709e874d8f3827,malicious
00369.ea45bbb3d5cc26da35f7980fcc5ef49a,malicious
00166.806d5398d7a37c080641a2d62e2d2b94,malicious
00523.8dad1340c87f606b1f0696df64d9063c,malicious
00459.2c2341d0342bfedc94464025126bedc6,malicious
00865.5021e39ed3259477237997ff88595997,malicious
00438.cf76c0c71830d5e8ddec01a597f149a5,malicious
01125.46ca779f86e1dd0a03c3ffc67b57f55e,malicious
00522.3c781aa53f7de37cf33e2205faac7143,malicious
01066.478a604e348bea75b5eaaf3ef47ab526,malicious
00102.706dc065aaf3946565c4897163a16a33,malicious
01038.95ce9be665025f2ab826870d509337c6,malicious
00751.3158a29a29997cc16a69497399d90ca2,malicious
01232.2c1fbf4d9cb31dd039c1bbb078225b5a,malicious
00132.9a7cc8c762a4901f2b899d722b5f4731,malicious
00726.26fb8f2aeedad636c461a560247d4f46,malicious
00122.4a2f67839c81141a1075745a66c907bb,malicious
00290.010f9e1b74276ee0a2414699df272efe,malicious
01309.4da3e5f7445fe71bdb9a145b3c704cc3,malicious
01059.3bb25dd5704c3e29081ef39c7cb0a200,malicious
00361.59907896afb539ce9bc9c6e74c439206,malicious
00321.00c19304d06d2e9fd068873434f1297e,malicious
01147.50120ae9e4f1745bf7a4178b52cd95ca,malicious
00148.a645e3b8823445737c97057e59ea0d0c,malicious
00372.859cab3c4ee323a06adcd41f8c604fa7,malicious
00291.5dba829583f0af4826b27f24f2d1d150,malicious
01311.43bfe86df65d53c5f7ca2365dc12582b,malicious
00851.dc5452f80ba0bb8481dfc48f70380c4d,malicious
01328.b23902de23cb3ca1f3334517282372b2,malicious
01244.9ef966101737a6fc27d8965def288d70,malicious
00788.b98a23c07d59156d172683fc29b80661,malicious
